2018-02-01T10:18:28Z,8.8,51.8
2018-02-01T17:28:38Z,38.1,68.3
2018-02-02T11:52:12Z,4.6,69.2
2018-02-02T11:57:39Z,-14.6,18.6
2018-02-02T12:55:36Z,31.0,55.0
2018-02-02T18:07:19Z,17.7,20.2
2018-02-02T21:09:34Z,11.9,28.5
2018-02-03T12:59:55Z,14.8,29.7
2018-02-03T22:50:54Z,-10.7,7.5
2018-02-04T01:11:31Z,-13.7,9.7
2018-02-04T13:33:24Z,33.0,31.5
2018-02-04T15:01:26Z,-9.7,10.3
2018-02-04T15:22:07Z,2.7,28.9
2018-02-05T09:29:16Z,-7.2,9.8
2018-02-05T14:04:02Z,26.8,30.3
2018-02-07T14:50:16Z,25.9,33.9
2018-02-08T18:43:40Z,-8.3,26.7
2018-02-09T04:57:24Z,37.6,58.7
2018-02-09T17:25:42Z,-3.1,7.5
2018-02-09T20:10:48Z,-8.1,56.3
2018-02-10T06:09:50Z,7.9,67.7
2018-02-10T12:29:59Z,24.0,45.8
2018-02-11T04:44:52Z,37.4,63.5
2018-02-12T20:43:29Z,36.4,55.3
2018-02-12T21:41:38Z,-0.7,17.5
2018-02-13T21:29:07Z,-8.9,38.5
2018-02-14T09:30:38Z,12.3,30.8
2018-02-14T12:06:37Z,32.2,25.5
2018-02-15T01:31:57Z,15.3,28.8
2018-02-15T08:58:56Z,34.1,41.4
2018-02-15T21:58:09Z,-12.4,33.3
2018-02-15T23:29:38Z,27.4,41.5
2018-02-16T04:27:50Z,8.4,41.4
2018-02-16T19:47:23Z,24.8,24.5
2018-02-17T07:59:47Z,-10.6,44.8
2018-02-17T10:12:25Z,14.0,16.5
2018-02-18T06:34:47Z,38.2,28.7
2018-02-18T18:00:53Z,-10.5,36.4
2018-02-18T19:07:37Z,43.9,39.2
2018-02-19T16:08:26Z,8.2,41.3
2018-02-19T17:06:24Z,19.7,59.7
2018-02-19T19:31:39Z,-14.4,25.2
2018-02-19T22:10:17Z,11.0,60.1
2018-02-19T23:06:46Z,33.2,51.1
2018-02-22T06:56:17Z,22.7,60.9
2018-02-22T09:44:47Z,2.1,57.0
2018-02-22T14:43:57Z,33.2,25.5
2018-02-22T23:22:58Z,-2.9,58.6
2018-02-23T01:32:35Z,-11.3,48.7
2018-02-23T16:42:51Z,-0.8,17.1
2018-02-23T16:54:14Z,43.7,5.2
2018-02-23T17:12:23Z,32.0,14.0
2018-02-24T03:45:50Z,19.6,34.5
2018-02-24T03:55:36Z,31.5,51.0
2018-02-24T21:42:10Z,20.5,19.1
2018-02-26T06:43:02Z,25.8,55.8
2018-02-27T02:06:24Z,23.7,16.3
2018-02-27T16:38:36Z,17.0,14.0
2018-02-28T00:22:35Z,35.8,38.4
2018-02-28T01:44:41Z,31.7,37.5
2018-02-28T16:57:07Z,-1.9,38.4
2018-02-28T20:11:56Z,1.3,44.5
2018-03-01T05:09:29Z,39.2,64.8
2018-03-02T13:15:44Z,-5.9,68.3
2018-03-02T15:15:53Z,25.8,27.2
2018-03-02T17:22:07Z,19.0,32.0
2018-03-02T23:36:36Z,37.6,36.1
2018-03-03T04:58:17Z,40.8,48.3
2018-03-03T07:14:42Z,44.0,40.0
2018-03-03T13:21:17Z,-7.0,26.8
2018-03-04T12:33:07Z,13.3,6.0
2018-03-04T19:20:50Z,6.7,26.3
2018-03-04T20:09:44Z,43.7,13.3
2018-03-05T00:04:30Z,37.5,40.7
2018-03-05T13:47:55Z,37.2,51.9
2018-03-06T00:50:26Z,30.1,8.7
2018-03-07T01:30:58Z,-4.6,25.0
2018-03-07T02:11:56Z,44.6,31.3
2018-03-07T11:14:45Z,26.8,5.7
2018-03-07T17:16:23Z,20.1,37.3
2018-03-07T20:23:07Z,7.0,37.6
2018-03-07T20:42:15Z,-2.8,38.6
2018-03-08T16:45:37Z,37.8,63.0
2018-03-08T19:23:57Z,-8.7,34.0
2018-03-08T21:14:00Z,31.8,58.5
2018-03-08T23:15:31Z,-13.9,38.0
2018-03-09T17:35:13Z,12.0,49.1
2018-03-10T04:22:22Z,40.1,53.4
2018-03-10T21:47:14Z,5.1,59.8
2018-03-11T00:24:03Z,31.3,64.0
2018-03-11T01:48:22Z,23.1,66.4
2018-03-11T02:29:26Z,40.2,53.6
2018-03-12T13:31:49Z,-9.8,37.0
2018-03-12T23:13:00Z,10.5,69.2
2018-03-13T07:14:05Z,2.7,50.2
2018-03-13T09:05:45Z,38.6,61.7
2018-03-13T15:17:49Z,36.3,61.5
2018-03-13T19:06:48Z,34.9,15.1
2018-03-13T19:32:15Z,25.0,15.9
2018-03-14T20:25:14Z,-14.9,67.5
2018-03-15T12:58:55Z,19.0,58.6
2018-03-15T21:06:35Z,40.5,14.2
2018-03-16T07:03:29Z,33.5,32.5
2018-03-16T07:29:49Z,43.3,57.5
2018-03-17T02:38:53Z,8.0,43.4
2018-03-17T13:01:50Z,43.3,61.3
2018-03-18T02:33:51Z,6.0,57.6
2018-03-18T07:07:18Z,37.7,24.1
2018-03-18T14:20:35Z,-13.1,30.4
2018-03-18T15:43:32Z,19.2,10.0
2018-03-18T18:59:28Z,-0.6,52.7
2018-03-19T18:08:01Z,40.4,61.4
2018-03-19T19:57:00Z,-8.6,57.6
2018-03-20T01:45:42Z,37.4,56.5
2018-03-20T15:40:21Z,11.4,11.0
2018-03-20T19:40:41Z,42.3,46.4
2018-03-21T02:51:21Z,26.1,15.7
2018-03-21T05:49:27Z,25.6,24.4
2018-03-21T12:52:43Z,33.0,49.7
2018-03-21T15:26:48Z,27.7,52.9
2018-03-22T10:21:42Z,28.8,24.7
2018-03-22T19:27:18Z,23.3,50.1
2018-03-24T01:59:14Z,20.8,12.2
2018-03-24T09:32:54Z,-9.3,31.3
2018-03-24T09:57:59Z,18.0,57.5
2018-03-24T11:35:44Z,3.8,47.6
2018-03-25T02:54:42Z,29.1,22.3
2018-03-26T04:21:15Z,2.1,63.5
2018-03-26T11:47:47Z,22.6,63.0
2018-03-26T16:37:40Z,-8.5,34.6
2018-03-26T23:32:42Z,27.1,49.2
2018-03-27T07:36:48Z,6.0,69.0
2018-03-28T06:00:39Z,3.9,33.5
2018-03-28T09:23:46Z,4.9,6.3
2018-03-28T11:57:30Z,-9.2,68.3
2018-03-29T04:45:18Z,18.6,8.0
2018-03-29T15:04:27Z,22.6,51.9
2018-03-29T22:29:48Z,-14.9,31.5
2018-03-29T23:29:51Z,20.7,59.4
2018-03-30T06:46:33Z,-7.7,64.3
2018-03-30T14:25:09Z,3.3,41.7
2018-03-31T22:13:16Z,-2.6,48.0
2018-04-01T01:02:03Z,29.7,29.5
2018-04-01T02:47:55Z,-3.5,26.2
2018-04-01T04:17:07Z,31.0,17.4
2018-04-01T10:48:45Z,1.7,50.7
2018-04-01T11:11:01Z,26.5,62.9
2018-04-02T00:29:56Z,-9.3,37.7
2018-04-02T03:36:50Z,-10.2,69.7
2018-04-02T13:33:04Z,38.5,30.6
2018-04-02T17:12:29Z,-13.9,57.1
2018-04-02T22:56:53Z,28.5,7.1
2018-04-03T01:53:29Z,4.8,61.5
2018-04-03T13:23:57Z,23.3,65.2
2018-04-03T14:13:50Z,38.9,44.9
2018-04-03T15:22:37Z,5.4,25.4
2018-04-03T16:57:02Z,17.5,59.1
2018-04-04T03:04:01Z,-12.0,64.0
2018-04-04T03:50:00Z,31.6,15.7
2018-04-04T11:39:38Z,34.0,57.1
2018-04-05T01:13:17Z,6.1,32.0
2018-04-05T04:11:45Z,28.1,28.2
2018-04-05T11:46:04Z,-10.3,30.1
2018-04-05T18:08:28Z,-1.0,67.6
2018-04-05T19:09:10Z,2.4,19.7
2018-04-07T00:21:45Z,35.4,44.0
2018-04-07T08:06:51Z,19.5,36.4
2018-04-08T02:18:03Z,-6.3,11.8
2018-04-08T21:56:36Z,19.8,18.1
2018-04-09T07:22:33Z,25.3,30.7
2018-04-10T04:41:52Z,29.0,53.2
2018-04-10T05:13:42Z,9.5,14.0
2018-04-10T09:18:51Z,-12.0,6.4
2018-04-10T17:19:17Z,34.8,11.6
2018-04-11T12:05:50Z,43.2,39.4
2018-04-11T15:21:12Z,-6.7,56.3
2018-04-11T21:18:28Z,13.6,44.0
2018-04-12T04:45:38Z,23.9,6.1
2018-04-12T14:34:26Z,41.9,41.1
2018-04-12T21:55:51Z,-11.2,11.8
2018-04-14T02:48:30Z,30.4,58.5
2018-04-14T04:13:11Z,-7.6,55.4
2018-04-14T11:40:24Z,-14.9,17.3
2018-04-14T12:09:41Z,36.0,58.8
2018-04-14T13:49:17Z,30.4,27.9
2018-04-15T10:51:48Z,24.6,9.5
2018-04-15T12:20:56Z,35.4,6.6
2018-04-16T06:26:50Z,36.0,69.4
2018-04-17T02:08:22Z,26.2,59.4
2018-04-17T05:20:31Z,-6.3,65.3
2018-04-17T14:55:37Z,42.3,33.9
2018-04-17T17:15:18Z,-14.0,32.9
2018-04-18T05:14:17Z,-2.8,45.9
2018-04-18T22:30:47Z,-3.4,50.6
2018-04-19T09:43:30Z,8.9,10.9
2018-04-19T12:18:36Z,-4.6,69.0
2018-04-19T13:43:11Z,38.0,27.7
2018-04-19T14:41:40Z,14.5,24.9
2018-04-19T20:36:26Z,-3.0,66.9
2018-04-20T03:14:30Z,31.8,30.7
2018-04-21T15:41:43Z,-1.7,58.1
2018-04-23T00:49:14Z,-11.2,6.0
2018-04-23T15:15:14Z,-2.9,58.8
2018-04-23T20:35:49Z,-0.9,54.5
2018-04-24T00:39:20Z,-2.7,46.5
2018-04-24T10:20:02Z,10.6,16.1
2018-04-25T10:44:51Z,-9.3,56.0
2018-04-25T11:33:11Z,28.4,16.5
2018-04-26T12:06:39Z,42.6,32.7
2018-04-26T15:36:25Z,25.9,32.8
2018-04-27T05:23:01Z,36.2,53.0
2018-04-27T08:54:50Z,-6.8,33.8
2018-04-27T11:32:13Z,17.3,33.4
2018-04-28T02:21:28Z,40.9,12.9
2018-04-28T03:43:05Z,13.7,52.1
2018-04-28T04:20:41Z,18.1,32.4
2018-04-28T07:20:53Z,8.4,69.1
2018-04-28T23:15:11Z,41.5,28.4
2018-04-29T08:11:52Z,30.8,10.5
2018-04-30T17:10:03Z,5.2,20.3
2018-05-01T03:08:22Z,-4.5,46.2
2018-05-01T12:03:28Z,43.3,49.4
2018-05-02T00:31:54Z,25.0,40.0
2018-05-03T00:17:01Z,44.6,16.7
2018-05-03T11:12:52Z,-8.1,10.6
2018-05-03T21:27:03Z,40.4,29.3
2018-05-05T02:24:10Z,34.7,5.9
2018-05-05T17:35:25Z,41.5,22.6
2018-05-06T17:30:46Z,26.6,46.9
2018-05-06T23:05:52Z,34.6,23.2
2018-05-07T16:34:23Z,20.2,29.1
2018-05-09T16:09:15Z,22.6,40.0
2018-05-09T20:34:00Z,6.9,22.6
2018-05-09T21:33:26Z,-9.8,39.9
2018-05-09T22:26:03Z,44.3,16.1
2018-05-11T05:25:22Z,-9.7,40.8
2018-05-11T12:27:15Z,8.7,45.1
2018-05-11T17:19:38Z,-12.3,65.2
2018-05-11T23:40:34Z,-8.1,17.7
2018-05-12T05:41:51Z,41.7,45.0
2018-05-12T09:04:40Z,-2.0,20.9
2018-05-13T08:06:48Z,34.7,43.8
2018-05-13T12:31:47Z,38.1,50.4
2018-05-13T17:04:05Z,6.0,14.1
2018-05-13T19:26:12Z,-13.9,18.2
2018-05-15T15:41:34Z,35.9,50.6
2018-05-16T02:10:25Z,13.4,14.5
2018-05-16T06:13:33Z,26.5,34.0
2018-05-16T10:40:03Z,7.0,5.1
2018-05-16T14:07:31Z,30.0,36.8
2018-05-16T23:56:13Z,-13.8,56.3
2018-05-17T03:13:43Z,1.7,35.3
2018-05-17T03:43:02Z,-13.4,10.2
2018-05-17T03:44:32Z,20.2,61.6
2018-05-17T08:10:45Z,-14.4,68.5
2018-05-17T09:57:09Z,-3.3,49.8
2018-05-17T12:43:20Z,-12.4,22.6
2018-05-17T15:10:47Z,8.8,27.3
2018-05-17T16:07:36Z,23.8,56.9
2018-05-18T15:42:36Z,-8.9,40.2
2018-05-18T21:32:20Z,36.7,68.0
2018-05-18T21:56:28Z,0.0,10.0
2018-05-19T01:15:46Z,-9.2,31.5
2018-05-19T15:49:32Z,14.6,26.6
2018-05-19T19:57:49Z,7.5,60.3
2018-05-20T11:13:01Z,24.9,44.4
2018-05-20T23:15:00Z,-10.1,39.2
2018-05-21T10:48:19Z,31.4,21.7
2018-05-21T16:12:18Z,44.7,66.7
2018-05-22T01:06:46Z,-12.5,12.4
2018-05-22T12:31:19Z,38.0,68.2
2018-05-22T21:43:18Z,-11.5,64.4
2018-05-22T22:27:20Z,9.1,26.5
2018-05-23T04:13:14Z,37.3,22.9
2018-05-23T07:49:06Z,-9.3,5.2
2018-05-23T15:58:21Z,21.6,5.7
2018-05-24T06:59:35Z,22.5,62.9
2018-05-24T15:18:31Z,29.7,29.8
2018-05-24T22:50:03Z,12.0,29.3
2018-05-25T07:20:00Z,11.0,62.0
2018-05-25T12:12:40Z,38.1,23.6
2018-05-25T22:46:41Z,22.1,28.1
2018-05-26T02:57:07Z,10.3,21.0
2018-05-26T10:46:39Z,37.4,61.8
2018-05-27T13:18:46Z,29.3,6.1
2018-05-27T17:46:56Z,33.9,57.4
2018-05-27T18:05:16Z,12.2,34.4
2018-05-27T22:08:59Z,34.5,44.2
2018-05-28T19:16:47Z,23.9,43.1
2018-05-28T19:38:54Z,-9.4,59.3
2018-05-29T19:03:00Z,6.3,48.8
2018-05-29T22:26:38Z,15.8,57.1
2018-05-30T15:39:42Z,28.0,64.6
2018-05-31T05:25:07Z,31.3,12.2
2018-05-31T11:47:49Z,43.1,64.0
2018-05-31T22:53:25Z,28.0,45.9
2018-06-01T09:00:08Z,-7.5,46.6
2018-06-01T21:25:52Z,42.0,22.1
2018-06-02T10:22:11Z,36.1,30.4
2018-06-02T12:32:33Z,2.6,38.2
2018-06-02T13:10:47Z,4.8,23.3
2018-06-02T16:48:38Z,1.4,7.4
2018-06-03T08:23:01Z,2.2,9.4
2018-06-03T23:12:09Z,6.2,35.4
2018-06-04T08:51:53Z,3.7,29.6
2018-06-04T23:21:40Z,29.5,51.4
2018-06-05T18:19:54Z,18.8,8.5
2018-06-05T22:49:20Z,11.9,24.1
2018-06-06T07:58:17Z,36.1,27.9
2018-06-06T15:41:06Z,12.5,18.6
2018-06-06T17:50:36Z,43.7,53.5
2018-06-06T20:51:22Z,8.3,29.7
2018-06-07T06:39:26Z,38.0,40.2
2018-06-08T10:04:08Z,7.6,36.9
2018-06-09T00:15:14Z,16.6,65.5
2018-06-09T20:55:15Z,25.0,60.9
2018-06-10T07:45:29Z,1.4,65.3
2018-06-10T16:03:46Z,4.9,29.0
2018-06-10T16:34:05Z,39.9,37.1
2018-06-10T22:03:42Z,7.8,18.0
2018-06-11T00:57:14Z,25.9,15.2
2018-06-11T08:02:09Z,14.8,68.5
2018-06-11T12:39:26Z,-14.9,36.2
2018-06-12T14:42:15Z,-14.1,66.3
2018-06-13T00:04:55Z,17.7,41.7
2018-06-13T15:12:51Z,1.9,36.9
2018-06-13T16:35:24Z,4.3,67.4
2018-06-13T21:26:34Z,10.9,12.7
2018-06-14T14:16:29Z,-4.7,69.5
2018-06-14T18:55:44Z,32.7,21.0
2018-06-15T04:45:39Z,16.3,48.4
2018-06-15T08:25:25Z,29.8,19.6
2018-06-15T11:24:00Z,-7.7,44.1
2018-06-16T11:24:32Z,1.4,53.2
2018-06-16T15:23:52Z,40.2,60.7
2018-06-17T09:58:35Z,-12.1,57.0
2018-06-17T10:05:30Z,19.3,19.9
2018-06-18T01:21:32Z,-2.2,42.0
2018-06-18T11:15:27Z,11.7,24.2
2018-06-18T17:05:25Z,33.2,68.2
2018-06-19T02:59:24Z,-4.7,58.1
2018-06-19T04:34:01Z,10.1,46.4
2018-06-19T05:40:36Z,36.1,9.0
2018-06-19T21:33:19Z,0.1,55.3
2018-06-20T07:47:03Z,19.8,24.1
2018-06-20T09:51:44Z,34.0,65.2
2018-06-20T10:25:27Z,-10.2,8.2
2018-06-21T06:25:52Z,35.9,53.8
2018-06-22T21:35:56Z,-4.5,13.9
2018-06-22T23:51:43Z,-7.2,14.0
2018-06-23T00:37:26Z,-6.2,42.8
2018-06-23T08:32:19Z,9.4,65.6
2018-06-23T11:48:53Z,29.1,27.9
2018-06-23T19:40:46Z,-10.8,9.7
2018-06-24T17:05:39Z,38.3,22.8
2018-06-24T20:10:20Z,29.4,21.3
2018-06-25T20:14:03Z,6.3,20.2
2018-06-26T11:20:26Z,9.8,26.8
2018-06-26T12:51:45Z,30.6,13.1
2018-06-26T13:38:11Z,17.9,41.8
2018-06-26T18:52:20Z,15.4,40.7
2018-06-26T19:59:51Z,26.0,64.5
2018-06-26T23:15:43Z,25.9,5.3
2018-06-27T15:10:45Z,29.8,59.9
2018-06-28T03:08:08Z,-14.5,40.8
2018-06-29T21:20:03Z,-5.7,50.1
2018-06-30T03:27:50Z,42.0,52.8
2018-07-02T05:59:18Z,33.1,32.7
2018-07-02T06:59:14Z,6.4,69.9
2018-07-02T10:17:21Z,8.7,39.7
2018-07-03T11:04:27Z,6.5,64.6
2018-07-03T17:12:17Z,-9.4,28.6
2018-07-04T02:47:05Z,12.2,32.1
2018-07-05T16:00:04Z,31.4,58.5
2018-07-06T07:07:20Z,18.3,22.4
2018-07-06T18:37:29Z,39.6,18.6
2018-07-06T19:41:57Z,9.4,60.7
2018-07-06T21:27:49Z,31.9,36.7
2018-07-07T03:08:19Z,32.1,29.6
2018-07-07T23:42:09Z,13.4,30.1
2018-07-08T10:28:14Z,-11.7,35.9
2018-07-08T11:23:20Z,42.7,11.4
2018-07-08T12:43:41Z,36.2,24.2
2018-07-08T14:39:36Z,-13.0,36.2
2018-07-08T17:27:28Z,0.6,61.2
2018-07-08T23:46:48Z,27.9,30.1
2018-07-09T13:28:00Z,25.1,16.0
2018-07-09T19:59:47Z,33.8,18.1
2018-07-09T23:41:54Z,1.7,51.6
2018-07-10T01:02:21Z,-13.9,10.1
2018-07-10T18:29:07Z,-11.0,52.3
2018-07-11T11:42:54Z,40.4,6.4
2018-07-12T00:55:37Z,0.9,24.8
2018-07-12T06:45:09Z,-12.0,30.5
2018-07-12T06:58:41Z,21.7,18.9
2018-07-13T00:41:57Z,-8.0,26.6
2018-07-13T16:19:13Z,-0.5,37.1
2018-07-13T17:41:34Z,-2.6,22.1
2018-07-13T18:01:53Z,-8.5,59.9
2018-07-14T18:38:43Z,28.3,67.4
2018-07-14T19:07:18Z,35.2,27.9
2018-07-14T19:29:58Z,-1.0,68.6
2018-07-15T03:25:48Z,28.9,57.3
2018-07-15T06:05:31Z,41.4,20.4
2018-07-15T20:47:55Z,-7.2,6.6
2018-07-15T22:00:51Z,34.3,37.6
2018-07-16T11:15:58Z,-5.0,60.0
2018-07-16T20:59:14Z,35.9,38.9
2018-07-16T22:05:27Z,-6.1,55.9
2018-07-17T02:34:24Z,28.2,29.0
2018-07-17T05:43:35Z,18.6,46.5
2018-07-17T07:11:26Z,9.6,54.8
2018-07-17T09:02:36Z,-13.3,59.8
2018-07-17T10:00:32Z,27.5,5.2
2018-07-17T10:05:22Z,-8.1,15.9
2018-07-17T17:29:28Z,-2.6,29.5
2018-07-17T18:49:16Z,11.0,29.4
2018-07-17T21:02:02Z,13.0,14.3
2018-07-18T07:05:59Z,19.4,55.1
2018-07-20T00:34:39Z,2.4,34.8
2018-07-20T03:40:28Z,11.0,53.6
2018-07-20T04:06:34Z,17.8,6.4
2018-07-21T13:13:29Z,37.6,24.4
2018-07-21T18:32:51Z,27.0,48.5
2018-07-22T23:06:54Z,38.8,9.4
2018-07-23T11:50:24Z,0.6,28.5
2018-07-23T11:57:09Z,22.1,52.1
2018-07-23T18:40:26Z,31.5,63.4
2018-07-24T05:21:36Z,24.7,43.3
2018-07-24T18:08:12Z,43.0,25.2
2018-07-25T16:42:53Z,38.3,14.6
2018-07-25T19:06:45Z,11.9,6.5
2018-07-25T20:02:32Z,15.0,51.1
2018-07-25T20:55:48Z,35.8,63.3
2018-07-25T23:28:09Z,3.3,22.9
2018-07-26T19:52:39Z,26.7,7.8
2018-07-27T13:49:07Z,26.5,66.9
2018-07-27T16:13:16Z,40.1,6.7
2018-07-28T03:10:49Z,-0.6,67.0
2018-07-28T07:39:55Z,6.9,49.9
2018-07-29T05:22:34Z,13.4,24.6
2018-07-29T13:30:10Z,19.4,13.6
2018-07-30T07:30:59Z,-13.0,28.9
2018-07-30T09:47:41Z,25.0,54.7
2018-07-30T12:30:09Z,-11.0,6.4
2018-07-30T15:58:52Z,6.0,31.7
2018-07-31T05:43:41Z,34.2,37.2
2018-07-31T13:12:00Z,-14.3,50.2
2018-08-01T02:48:51Z,-10.8,54.0
2018-08-01T09:32:26Z,38.4,42.8
2018-08-01T16:21:36Z,44.3,35.4
2018-08-02T07:18:37Z,17.0,21.3
2018-08-02T16:59:36Z,19.3,53.3
2018-08-02T17:00:21Z,6.8,17.6
2018-08-02T17:39:37Z,3.3,38.8
2018-08-02T19:59:11Z,16.1,14.6
2018-08-04T09:43:30Z,-10.9,8.9
2018-08-04T18:10:15Z,32.6,9.0
2018-08-05T00:34:17Z,34.8,55.4
2018-08-05T12:52:33Z,16.4,69.2
2018-08-06T10:41:43Z,29.3,15.0
2018-08-06T21:06:24Z,-1.3,38.6
2018-08-08T08:27:27Z,30.3,57.2
2018-08-08T08:50:33Z,30.7,65.2
2018-08-08T20:03:21Z,-10.2,18.8
2018-08-09T01:42:16Z,23.1,48.9
2018-08-09T07:25:00Z,20.4,68.8
2018-08-10T03:10:04Z,23.0,44.8
2018-08-10T15:20:48Z,21.7,10.2
2018-08-10T22:35:07Z,8.0,18.3
2018-08-11T18:43:22Z,-7.1,59.2
2018-08-11T20:28:37Z,20.4,40.6
2018-08-12T11:16:31Z,21.4,31.6
2018-08-12T18:46:18Z,36.8,5.7
2018-08-12T20:57:47Z,10.9,29.6
2018-08-13T03:27:03Z,24.8,12.0
2018-08-14T03:31:39Z,36.5,37.3
2018-08-14T22:37:16Z,42.4,43.6
2018-08-16T10:26:17Z,27.0,10.4
2018-08-16T18:07:30Z,20.8,52.9
2018-08-16T23:08:22Z,-1.2,13.5
2018-08-17T21:38:20Z,25.7,34.8
2018-08-18T04:06:05Z,3.3,69.2
2018-08-19T00:00:38Z,-7.6,14.2
2018-08-19T17:29:24Z,42.4,17.0
2018-08-19T18:38:15Z,32.4,67.7
2018-08-19T20:38:03Z,20.8,19.9
2018-08-20T18:07:05Z,36.7,5.6
2018-08-20T22:00:20Z,13.7,15.3
2018-08-21T03:19:21Z,-4.8,15.9
2018-08-21T08:50:11Z,31.9,21.9
2018-08-21T12:35:12Z,-11.3,50.8
2018-08-21T19:24:58Z,-0.9,28.4
2018-08-21T21:31:56Z,-12.0,7.9
2018-08-22T06:13:08Z,17.5,55.0
2018-08-22T09:36:12Z,-1.0,41.2
2018-08-22T12:58:03Z,37.0,32.0
2018-08-23T03:15:49Z,21.5,62.8
2018-08-23T08:25:44Z,37.1,55.5
2018-08-24T13:50:06Z,40.0,30.9
2018-08-24T15:56:09Z,9.7,69.3
2018-08-24T18:21:12Z,-1.0,45.3
2018-08-24T19:53:54Z,2.7,43.1
2018-08-26T08:54:35Z,5.0,43.0
2018-08-26T09:40:24Z,19.1,54.5
2018-08-26T19:30:04Z,20.0,49.1
2018-08-27T00:23:50Z,16.4,20.9
2018-08-27T01:31:42Z,-1.8,54.5
2018-08-27T07:28:23Z,-10.8,11.5
2018-08-27T18:22:59Z,-8.4,6.2
2018-08-27T21:46:32Z,-8.1,56.6
2018-08-28T00:26:00Z,-12.4,11.5
2018-08-28T13:11:15Z,6.0,8.9
2018-08-29T05:00:05Z,33.7,9.3
2018-08-29T06:18:14Z,40.8,29.9
2018-08-29T08:44:21Z,26.0,13.3
2018-08-29T11:18:20Z,14.0,67.8
2018-08-29T17:40:10Z,-14.8,25.7
2018-08-29T17:50:32Z,-7.0,19.1
2018-08-30T02:19:00Z,31.4,50.7
2018-08-30T02:39:59Z,17.6,40.4
2018-08-30T09:19:58Z,33.4,47.9
2018-09-01T22:08:41Z,10.7,52.8
2018-09-02T08:05:37Z,-10.3,34.0
2018-09-02T12:53:23Z,20.7,21.6
2018-09-02T18:44:16Z,10.0,12.1
2018-09-03T02:23:58Z,-2.7,60.2
2018-09-03T09:44:19Z,38.3,61.7
2018-09-04T22:58:30Z,37.5,68.2
2018-09-05T03:04:45Z,25.3,38.6
2018-09-05T05:38:35Z,14.9,18.6
2018-09-05T07:31:58Z,10.5,14.1
2018-09-05T12:32:15Z,5.0,38.1
2018-09-06T01:25:29Z,18.7,68.7
2018-09-06T06:19:47Z,-8.4,14.1
2018-09-06T11:06:01Z,40.1,46.4
2018-09-06T13:19:53Z,18.2,15.0
2018-09-06T22:07:23Z,42.2,9.2
2018-09-06T23:30:08Z,5.7,44.9
2018-09-07T03:27:45Z,42.3,67.5
2018-09-07T11:26:22Z,-12.7,28.6
2018-09-07T11:52:13Z,6.5,67.0
2018-09-07T12:22:09Z,32.1,6.9
2018-09-07T18:25:35Z,14.5,6.6
2018-09-08T16:45:34Z,-12.5,19.3
2018-09-08T23:04:45Z,29.1,46.1
2018-09-09T09:40:11Z,24.2,66.0
2018-09-09T18:51:44Z,-1.5,64.8
2018-09-10T00:17:20Z,-7.0,36.5
2018-09-10T09:53:36Z,8.9,51.3
2018-09-11T00:42:48Z,3.4,19.9
2018-09-11T01:01:17Z,3.4,51.9
2018-09-11T10:24:49Z,32.9,53.8
2018-09-12T07:36:44Z,9.4,11.6
2018-09-13T11:10:24Z,11.1,17.8
2018-09-13T14:06:06Z,-7.9,47.3
2018-09-13T17:34:47Z,26.4,11.2
2018-09-13T18:33:03Z,24.6,32.4
2018-09-14T17:45:21Z,-1.7,24.8
2018-09-16T03:38:36Z,6.0,33.3
2018-09-17T00:46:50Z,19.4,9.7
2018-09-17T04:57:06Z,10.9,69.3
2018-09-17T09:37:44Z,26.9,49.0
2018-09-17T11:27:44Z,-3.9,5.2
2018-09-17T17:11:23Z,-6.2,13.1
2018-09-18T01:50:30Z,4.9,58.7
2018-09-19T02:25:32Z,2.9,32.6
2018-09-19T11:14:50Z,0.6,29.1
2018-09-19T14:04:21Z,37.0,38.7
2018-09-21T02:47:41Z,34.8,9.5
2018-09-21T04:55:43Z,17.1,58.7
2018-09-22T00:08:17Z,25.9,67.2
2018-09-23T00:05:46Z,20.7,5.5
2018-09-23T23:53:41Z,7.1,9.2
2018-09-24T04:53:18Z,44.1,53.2
2018-09-26T11:07:00Z,0.3,10.4
2018-09-26T12:46:39Z,42.1,30.3
2018-09-27T08:00:06Z,43.3,55.5
2018-09-27T11:46:21Z,20.9,11.1
2018-09-27T22:32:33Z,-5.5,38.2
2018-09-28T03:03:47Z,-2.7,60.5
2018-09-28T13:14:28Z,-7.7,64.8
2018-09-28T14:17:16Z,35.2,42.8
2018-09-29T02:07:52Z,43.9,18.0
2018-09-29T10:49:05Z,11.3,55.6
2018-09-29T10:56:30Z,34.3,53.1
2018-09-29T11:48:06Z,-6.3,53.1
2018-09-29T18:22:23Z,-0.3,16.1
2018-09-30T18:03:07Z,26.9,54.5
2018-10-01T01:04:53Z,-5.8,39.4
2018-10-01T20:31:49Z,14.5,24.7
2018-10-02T08:22:01Z,27.5,16.9
2018-10-03T02:37:22Z,34.5,46.6
2018-10-03T11:37:23Z,35.7,21.2
2018-10-04T18:26:19Z,32.2,25.0
2018-10-05T01:16:02Z,19.3,23.5
2018-10-05T05:40:26Z,-13.0,17.8
2018-10-05T13:07:53Z,-13.9,38.9
2018-10-07T00:19:15Z,22.9,52.6
2018-10-07T05:33:34Z,26.1,50.6
2018-10-07T08:18:33Z,35.5,28.7
2018-10-07T17:41:34Z,1.2,60.7
2018-10-08T02:21:41Z,8.8,45.6
2018-10-08T07:38:37Z,27.9,65.4
2018-10-09T00:22:42Z,-1.4,7.6
2018-10-10T21:06:59Z,14.8,52.7
2018-10-11T12:25:58Z,31.9,17.4
2018-10-12T20:51:02Z,39.5,56.5
2018-10-12T22:51:05Z,38.6,50.6
2018-10-13T00:36:36Z,-13.6,57.6
2018-10-13T01:41:20Z,-0.8,23.8
2018-10-13T06:06:29Z,7.1,54.3
2018-10-13T07:05:03Z,18.1,13.4
2018-10-13T16:59:20Z,14.2,42.9
2018-10-13T21:26:35Z,-13.0,53.1
2018-10-14T17:05:57Z,34.4,51.4
2018-10-14T21:51:41Z,6.9,47.8
2018-10-15T21:15:09Z,36.4,30.4
2018-10-15T21:24:56Z,29.9,20.9
2018-10-16T09:19:37Z,30.3,62.9
2018-10-17T12:48:11Z,32.9,62.1
2018-10-18T00:16:33Z,-11.5,16.4
2018-10-18T03:50:49Z,1.4,31.5
2018-10-19T10:10:48Z,26.0,10.2
2018-10-19T19:46:37Z,2.3,26.7
2018-10-20T07:19:22Z,34.2,66.5
2018-10-20T12:09:58Z,-0.5,15.2
2018-10-20T15:57:34Z,1.3,36.6
2018-10-20T17:16:08Z,19.5,67.9
2018-10-20T19:06:00Z,28.4,66.1
2018-10-21T22:46:44Z,-12.2,57.9
2018-10-22T18:45:08Z,1.0,67.3
2018-10-22T20:00:44Z,-7.4,55.3
2018-10-22T20:27:12Z,37.5,64.0
2018-10-23T09:26:58Z,29.7,59.2
2018-10-23T14:52:27Z,31.2,15.4
2018-10-23T17:44:03Z,1.3,9.5
2018-10-24T07:27:11Z,33.1,32.5
2018-10-26T06:34:27Z,35.5,61.1
2018-10-26T17:25:03Z,-1.6,12.9
2018-10-26T22:59:33Z,19.6,56.8
2018-10-27T07:00:27Z,23.7,37.6
2018-10-27T19:59:15Z,14.8,15.6
2018-10-28T02:44:10Z,35.9,47.3
2018-10-28T09:16:22Z,36.4,38.0
2018-10-29T22:46:32Z,-7.5,27.6
2018-10-30T10:19:39Z,-14.7,7.9
2018-10-30T11:46:58Z,35.7,36.4
2018-10-31T06:29:25Z,33.8,17.2
2018-10-31T10:12:26Z,17.3,35.9
2018-10-31T19:11:42Z,-0.9,9.8
2018-11-02T02:41:52Z,7.3,9.7
2018-11-02T18:41:38Z,43.0,52.6
2018-11-04T02:07:11Z,26.7,27.9
2018-11-04T10:03:44Z,44.3,21.2
2018-11-04T14:09:25Z,3.3,21.4
2018-11-04T23:00:36Z,-12.5,23.4
2018-11-04T23:45:19Z,42.3,59.4
2018-11-05T17:36:13Z,13.9,42.6
2018-11-06T21:37:07Z,-6.0,28.1
2018-11-07T09:16:28Z,10.8,54.8
2018-11-09T19:22:16Z,39.0,50.6
2018-11-10T04:13:24Z,43.3,16.2
2018-11-10T16:14:58Z,26.8,54.0
2018-11-10T20:03:34Z,20.3,34.1
2018-11-12T01:15:06Z,-1.3,39.8
2018-11-12T08:01:33Z,16.1,58.4
2018-11-12T15:12:15Z,-14.0,55.9
2018-11-12T16:08:03Z,36.9,17.5
2018-11-13T11:53:55Z,-7.1,12.4
2018-11-13T12:31:19Z,30.2,18.0
2018-11-14T06:14:22Z,0.7,29.0
2018-11-14T14:08:52Z,-14.0,41.5
2018-11-14T22:16:52Z,8.6,27.7
2018-11-15T01:45:48Z,40.0,65.8
2018-11-15T01:59:27Z,38.6,48.1
2018-11-15T07:50:07Z,-6.9,36.2
2018-11-15T14:45:19Z,10.7,15.1
2018-11-15T21:55:22Z,-10.7,64.9
2018-11-16T02:41:38Z,34.9,28.2
2018-11-16T20:28:43Z,-10.6,14.5
2018-11-17T10:08:45Z,-3.3,7.0
2018-11-17T14:30:26Z,1.8,22.8
2018-11-17T15:22:12Z,-6.6,6.3
2018-11-18T01:18:08Z,6.2,47.3
2018-11-19T01:39:19Z,25.4,61.7
2018-11-19T07:38:23Z,38.6,49.2
2018-11-19T16:28:50Z,25.1,38.1
2018-11-20T14:05:54Z,15.8,62.6
2018-11-21T11:03:41Z,14.2,13.9
2018-11-21T20:49:27Z,3.2,5.1
2018-11-22T10:50:56Z,-0.9,48.9
2018-11-23T05:08:36Z,8.9,32.3
2018-11-23T15:58:22Z,42.2,54.2
2018-11-23T16:36:43Z,-13.0,18.8
2018-11-23T20:02:39Z,4.4,55.7
2018-11-24T09:45:32Z,-12.5,41.7
2018-11-24T12:36:57Z,32.3,29.7
2018-11-24T13:09:01Z,9.9,50.1
2018-11-24T15:07:52Z,38.6,51.8
2018-11-24T16:50:03Z,35.6,9.9
2018-11-25T00:38:57Z,3.7,24.5
2018-11-25T06:42:48Z,-4.9,61.4
2018-11-25T19:58:33Z,13.4,54.5
2018-11-26T01:52:16Z,26.3,33.2
2018-11-26T07:44:15Z,15.2,42.9
2018-11-26T14:06:12Z,8.5,59.6
2018-11-27T05:48:09Z,-11.0,25.1
2018-11-28T15:56:41Z,31.7,59.8
2018-11-29T07:48:51Z,37.9,48.9
2018-11-29T18:52:59Z,4.0,25.8
2018-11-30T07:52:35Z,9.2,21.5
2018-11-30T22:29:40Z,1.2,31.5
2018-12-01T05:02:17Z,39.0,5.2
2018-12-02T10:41:11Z,-5.3,50.9
2018-12-02T15:23:51Z,34.7,12.9
2018-12-03T02:19:48Z,40.9,39.2
2018-12-03T10:46:41Z,6.4,19.4
2018-12-03T11:28:37Z,36.8,32.0
2018-12-03T15:23:45Z,6.8,26.0
2018-12-04T02:21:06Z,23.7,28.4
2018-12-04T04:05:29Z,25.2,52.0
2018-12-04T11:13:15Z,-2.2,44.9
2018-12-04T16:07:20Z,0.5,46.8
2018-12-04T18:46:35Z,-5.9,10.5
2018-12-05T04:30:39Z,-3.9,19.6
2018-12-05T11:29:28Z,15.2,47.9
2018-12-05T21:25:11Z,-0.0,44.0
2018-12-06T11:49:53Z,22.3,50.4
2018-12-06T12:45:23Z,16.6,6.2
2018-12-07T15:21:23Z,34.2,7.9
2018-12-08T06:57:12Z,-14.3,69.3
2018-12-08T13:47:33Z,4.4,26.3
2018-12-08T16:44:45Z,31.9,52.6
2018-12-09T01:54:30Z,16.8,31.3
2018-12-09T09:49:04Z,2.0,56.7
2018-12-10T06:52:14Z,34.3,37.8
2018-12-10T22:37:36Z,14.8,52.7
2018-12-11T03:22:00Z,-6.3,40.0
2018-12-11T15:00:34Z,18.9,47.7
2018-12-12T00:47:46Z,25.9,17.9
2018-12-12T12:40:14Z,14.8,22.6
2018-12-12T14:45:23Z,26.1,66.6
2018-12-12T23:00:54Z,-1.6,31.1
2018-12-13T23:24:32Z,44.0,56.6
2018-12-14T00:38:21Z,40.3,17.1
2018-12-14T02:35:37Z,38.8,33.6
2018-12-15T13:16:47Z,15.5,39.6
2018-12-15T16:00:29Z,35.5,41.6
2018-12-16T02:53:48Z,-2.2,16.9
2018-12-16T09:58:20Z,36.2,40.2
2018-12-17T10:01:56Z,8.9,16.8
2018-12-17T16:17:01Z,-4.9,38.1
2018-12-17T16:56:11Z,17.6,41.1
2018-12-17T22:53:02Z,42.7,31.7
2018-12-18T02:05:31Z,32.3,69.4
2018-12-18T05:48:10Z,-11.0,24.8
2018-12-18T17:19:16Z,41.3,35.6
2018-12-18T19:29:14Z,28.9,26.4
2018-12-18T19:51:30Z,4.8,14.0
2018-12-18T23:30:16Z,8.4,35.3
2018-12-18T23:42:20Z,28.6,41.2
2018-12-20T17:34:47Z,18.8,33.9
2018-12-22T08:02:42Z,16.1,15.2
2018-12-22T13:47:50Z,38.6,44.5
2018-12-22T19:47:48Z,-3.4,30.5
2018-12-23T01:40:25Z,-10.0,50.4
2018-12-23T07:25:59Z,13.3,16.8
2018-12-23T13:09:47Z,-14.5,31.0
2018-12-23T17:10:06Z,20.6,14.7
2018-12-24T15:53:55Z,-5.0,33.5
2018-12-24T19:42:29Z,24.5,24.3
2018-12-24T21:03:35Z,12.7,62.1
2018-12-25T13:53:46Z,-2.5,64.2
2018-12-25T19:55:44Z,10.6,63.0
2018-12-25T20:44:17Z,-6.8,65.2
2018-12-26T03:29:49Z,-3.0,23.0
2018-12-26T05:24:53Z,30.6,28.0
2018-12-26T05:48:03Z,41.8,45.2
2018-12-26T09:20:19Z,-1.4,21.5
2018-12-26T15:29:51Z,23.7,66.1
2018-12-27T04:17:02Z,27.1,64.7
2018-12-27T13:23:26Z,17.8,33.3
2018-12-27T21:54:17Z,30.0,32.5
2018-12-28T00:44:03Z,21.2,19.8
2018-12-28T14:54:06Z,23.3,67.9
2018-12-28T19:15:39Z,-8.9,5.6
2018-12-29T06:40:34Z,30.7,8.2
2018-12-30T08:47:52Z,38.2,44.2
2018-12-30T13:31:29Z,19.1,8.2
2018-12-31T15:39:09Z,21.0,43.0
2018-12-31T22:33:31Z,1.8,24.3
2019-01-01T09:42:38Z,20.4,17.0
2019-01-01T11:50:00Z,30.8,60.5
2019-01-01T16:31:04Z,37.6,54.2
2019-01-01T20:18:46Z,4.6,33.2
2019-01-01T20:48:07Z,20.6,30.3
2019-01-01T21:27:21Z,-7.4,24.4
2019-01-02T02:01:22Z,33.9,69.4
2019-01-02T20:13:55Z,1.8,51.9
2019-01-02T23:05:27Z,27.7,63.0
2019-01-03T09:57:26Z,16.4,5.0
2019-01-04T03:52:10Z,-8.2,47.0
2019-01-04T04:39:44Z,28.0,69.2
2019-01-04T13:02:51Z,22.4,26.1
2019-01-04T16:53:29Z,4.2,21.2
2019-01-04T18:47:05Z,35.9,68.5
2019-01-05T02:06:49Z,-1.0,6.5
2019-01-05T17:15:55Z,34.3,25.4
2019-01-05T20:41:53Z,17.5,28.2
2019-01-05T23:17:09Z,18.9,36.7
2019-01-06T03:50:23Z,14.3,32.1
2019-01-06T14:59:02Z,40.1,34.9
2019-01-06T19:38:39Z,6.5,49.4
2019-01-06T23:42:37Z,32.2,10.3
2019-01-08T08:19:14Z,3.3,67.7
2019-01-09T21:13:36Z,-4.6,36.7
2019-01-09T22:34:12Z,43.7,37.0
2019-01-10T21:55:27Z,24.4,53.3
2019-01-11T06:52:25Z,28.5,28.8
2019-01-12T00:10:01Z,25.3,7.5
2019-01-12T02:33:42Z,30.2,8.1
2019-01-12T06:22:39Z,22.6,25.3
2019-01-12T12:35:11Z,0.6,14.4
2019-01-13T01:40:31Z,22.9,28.2
2019-01-13T14:05:30Z,5.2,59.0
2019-01-14T05:07:26Z,-11.0,65.8
2019-01-14T06:49:32Z,43.8,37.2
2019-01-14T08:28:30Z,37.9,26.7
2019-01-15T03:43:40Z,18.6,6.1
2019-01-15T14:51:37Z,39.3,49.9
2019-01-15T15:37:39Z,41.7,40.5
2019-01-15T15:59:45Z,-13.7,24.4
2019-01-17T08:50:32Z,35.1,5.7
2019-01-17T15:15:53Z,15.0,28.6
2019-01-18T02:39:16Z,1.5,50.4
2019-01-18T05:47:44Z,-0.7,68.0
2019-01-18T07:24:44Z,36.2,45.5
2019-01-18T08:49:23Z,35.9,27.8
2019-01-19T05:37:18Z,0.2,42.6
2019-01-19T10:35:33Z,22.3,48.4
2019-01-19T13:17:36Z,-3.6,46.8
2019-01-20T06:06:12Z,2.7,12.8
2019-01-20T11:09:22Z,-4.0,37.0
2019-01-20T12:39:49Z,-8.7,61.5
2019-01-20T19:22:44Z,-2.5,27.1
2019-01-20T20:57:25Z,16.1,62.0
2019-01-21T01:14:56Z,-8.6,36.9
2019-01-21T12:31:01Z,19.4,10.4
2019-01-21T14:15:09Z,1.9,16.5
2019-01-21T15:29:23Z,32.1,28.8
2019-01-21T17:25:44Z,2.6,38.4
2019-01-21T20:00:44Z,24.6,18.2
2019-01-22T00:35:13Z,15.3,9.2
2019-01-22T22:18:26Z,-4.2,59.5
2019-01-23T15:39:00Z,33.6,58.0
2019-01-23T20:04:03Z,10.2,66.5
2019-01-23T20:47:46Z,11.7,25.1
2019-01-25T08:19:00Z,-3.8,64.0
2019-01-26T08:21:59Z,-3.2,27.6
2019-01-26T12:47:13Z,-12.5,44.0
2019-01-26T18:26:33Z,11.0,44.5
2019-01-28T15:21:46Z,32.1,28.9
2019-01-29T06:25:25Z,11.0,20.1
2019-01-29T09:33:16Z,25.6,14.1
2019-01-30T05:52:06Z,7.2,15.0
2019-01-30T13:14:50Z,21.2,69.4
2019-01-31T08:44:55Z,27.0,60.2
2019-01-31T09:51:15Z,-8.9,69.1
2019-01-31T10:27:27Z,19.1,36.6
2019-01-31T11:14:15Z,27.9,5.1
2019-01-31T12:22:04Z,12.0,58.0
2019-01-31T13:01:27Z,-7.9,8.3
2019-01-31T17:23:48Z,-13.2,53.4
2019-01-31T20:58:56Z,32.0,22.4
2019-02-01T20:54:25Z,36.5,40.9
2019-02-02T08:55:55Z,37.4,11.3
2019-02-02T17:41:24Z,20.6,52.7
2019-02-02T23:16:19Z,40.0,56.4
2019-02-03T01:23:52Z,-8.6,63.0
2019-02-03T10:54:56Z,-6.6,22.2
2019-02-04T01:20:18Z,3.8,60.4
2019-02-04T01:24:50Z,25.8,49.1
2019-02-05T05:18:45Z,43.2,43.3
2019-02-05T07:35:24Z,17.8,47.0
2019-02-05T07:46:36Z,-15.0,9.3
2019-02-05T14:17:43Z,39.8,55.5
2019-02-06T05:11:52Z,30.4,48.9
2019-02-06T06:44:55Z,36.1,69.2
2019-02-06T07:39:09Z,40.7,66.8
2019-02-06T16:44:08Z,30.7,25.5
2019-02-06T23:13:44Z,22.9,61.1
2019-02-07T03:19:50Z,-8.5,39.9
2019-02-07T06:34:24Z,-3.9,40.6
2019-02-07T15:04:01Z,-9.2,15.7
2019-02-07T20:24:49Z,39.7,48.5
2019-02-08T02:38:21Z,0.1,58.1
2019-02-08T04:13:29Z,1.4,61.5
2019-02-08T12:04:27Z,17.5,55.4
2019-02-08T14:16:33Z,18.1,62.0
2019-02-08T19:53:57Z,17.4,11.9
2019-02-09T01:05:50Z,32.8,18.6
2019-02-09T21:00:52Z,4.7,44.0
2019-02-09T23:02:00Z,34.3,46.1
2019-02-10T19:15:20Z,30.2,52.8
2019-02-11T14:44:45Z,3.3,63.6
2019-02-11T14:58:23Z,-6.3,27.8
2019-02-11T18:10:37Z,-8.9,46.2
2019-02-12T01:27:49Z,-1.5,65.1
2019-02-13T13:28:36Z,11.7,37.6
2019-02-13T15:52:54Z,22.5,18.3
2019-02-13T16:49:58Z,30.5,30.5
2019-02-13T17:51:40Z,-6.1,70.0
2019-02-14T10:35:08Z,-2.1,68.0
2019-02-14T16:34:31Z,-14.5,62.3
2019-02-15T04:05:57Z,37.3,19.4
2019-02-15T14:06:11Z,-0.8,51.8
2019-02-15T18:32:06Z,1.1,56.0
2019-02-15T19:56:41Z,24.2,60.7
2019-02-15T20:15:51Z,8.1,28.0
2019-02-16T07:36:52Z,0.0,52.4
2019-02-16T16:27:59Z,-2.5,61.1
2019-02-16T20:05:03Z,-7.3,28.2
2019-02-17T02:01:01Z,11.5,27.4
2019-02-17T09:53:34Z,8.0,61.2
2019-02-17T19:14:03Z,43.8,66.4
2019-02-17T23:29:26Z,27.2,68.7
2019-02-18T09:52:07Z,-12.2,32.8
2019-02-18T18:38:34Z,-4.0,49.6
2019-02-18T22:46:46Z,26.4,23.1
2019-02-19T00:32:46Z,2.1,35.4
2019-02-19T13:57:07Z,-3.7,37.3
2019-02-19T21:10:51Z,33.1,32.4
2019-02-20T03:30:48Z,43.1,57.4
2019-02-20T17:40:48Z,19.9,35.9
2019-02-20T20:19:02Z,37.2,13.2
2019-02-20T22:32:08Z,31.2,15.5
2019-02-22T13:47:48Z,-11.9,66.2
2019-02-24T02:04:43Z,-2.1,13.3
2019-02-24T20:29:34Z,-9.5,66.5
2019-02-25T09:58:57Z,23.6,54.0
2019-02-25T13:12:33Z,15.9,34.0
2019-02-25T14:43:02Z,33.9,57.4
2019-02-25T16:56:04Z,-10.6,38.1
2019-02-25T21:53:37Z,37.6,5.7
2019-02-26T01:32:19Z,44.9,33.5
2019-02-26T06:37:55Z,35.0,52.9
2019-02-26T09:34:37Z,23.4,27.2
2019-02-26T21:05:37Z,21.3,36.3
2019-02-27T00:23:38Z,-4.5,66.8
2019-02-27T06:37:47Z,22.2,67.9
2019-02-27T08:15:24Z,-2.4,50.5
2019-02-27T10:38:27Z,-1.5,22.2
2019-02-27T22:30:56Z,42.3,31.5
2019-02-27T22:54:54Z,12.7,49.2
2019-02-28T02:11:51Z,10.3,66.9
2019-02-28T15:01:01Z,-2.6,64.2
2019-02-28T19:12:46Z,0.4,52.2
2019-03-01T03:00:09Z,42.7,13.1
2019-03-01T05:56:14Z,15.6,63.6
2019-03-01T18:24:06Z,-1.8,12.7
2019-03-02T11:04:09Z,14.1,28.3
2019-03-02T21:50:30Z,-5.5,21.8
2019-03-03T07:34:20Z,-1.0,47.4
2019-03-04T10:02:30Z,26.1,54.3
2019-03-04T10:27:19Z,1.0,68.2
2019-03-04T12:20:36Z,39.5,15.6
2019-03-04T17:17:20Z,9.2,6.1
2019-03-05T00:59:21Z,7.6,68.7
2019-03-05T01:25:33Z,38.9,52.6
2019-03-05T01:40:53Z,11.2,67.5
2019-03-05T03:22:02Z,33.4,21.2
2019-03-05T19:46:20Z,35.4,67.2
2019-03-06T01:22:54Z,36.2,60.4
2019-03-06T08:43:10Z,8.3,7.4
2019-03-06T16:41:16Z,10.8,42.3
2019-03-06T16:48:53Z,44.9,13.9
2019-03-06T21:02:11Z,16.2,66.2
2019-03-07T09:02:58Z,4.0,25.1
2019-03-07T20:38:03Z,-12.5,66.3
2019-03-08T03:35:05Z,-4.2,6.7
2019-03-08T04:48:57Z,16.7,65.3
2019-03-08T12:35:15Z,29.3,15.8
2019-03-09T01:28:06Z,26.4,19.6
2019-03-09T06:02:17Z,-11.4,7.6
2019-03-09T08:26:37Z,21.6,63.0
2019-03-09T12:11:19Z,30.9,18.4
2019-03-09T23:29:37Z,2.5,62.7
2019-03-10T06:26:06Z,22.2,64.8
2019-03-10T18:38:38Z,15.3,10.7
2019-03-11T06:33:57Z,41.2,9.7
2019-03-11T22:30:37Z,40.9,46.9
2019-03-11T22:50:20Z,12.8,21.5
2019-03-12T03:41:48Z,24.6,49.5
2019-03-13T15:18:21Z,14.8,5.6
2019-03-13T18:03:00Z,30.3,17.4
2019-03-13T21:09:30Z,27.1,51.4
2019-03-14T05:08:05Z,2.3,5.6
2019-03-14T22:16:02Z,-4.1,62.7
2019-03-14T22:49:03Z,39.9,60.7
DateTime,Temperature,Humidity
